Id,Cadre,Date of Start of Outbreak/Event,Date Event Reported,Season,Latitude,Longitude,Region,Area Type,Area Name,Animal Category,Species,Population in Herd,Traumatic injuries,Number Affected,Type of injury,Nature of human inflicted injury,Death of animals,Skin lesions/ swellings,Respiratory Signs,oral and foot lesions,Diarrhoea,Emaciation,Aggression,Central Nervous System signs,Blindness/Eye condition,Reproductive signs,Other Signs/Syndomes,Number Sick / Bitten,Number Dead,Disease/Condition,Other Disease,Nature of Diagnosis,Number of Humans Affected,Disease Control Method
4c5559db-977d-4945-aa51-f88677795eeb,Ranger,2020-03-03,2020-05-03,Dry,37.4219918,-122.0839808,Mountain,Non-Protected Area: Community land,T,Carnivore,Jackals,51-100,No,0.0,Unknown,Unknown,No,No,No,No,No,No,No,No,No,Yes,No,0.0,0.0,Unknown,Unknown,Unknown,0.0,Unknown
0d51a881-7723-4460-9190-825ed950160e,Research scientist,2020-07-04,2020-07-04,Dry,0.2947839,38.0606659,Eastern,Protected Area: National Park,Meru ,Non-human Primates,Baboons,<10,Yes,2.0,Unknown,Unknown,No,No,No,No,No,No,No,No,No,No,No,0.0,0.0,Unknown,Unknown,Unknown,0.0,Unknown
a4c996a2-ad0e-4fc1-9f5e-37a0e9057f75,Ranger,2020-07-10,2020-07-14,Dry,0.1002217,38.00875,Eastern,Protected Area: National Park,Kora N Park,Carnivore,Lions,<10,Yes,1.0,Unknown,Unknown,Yes,No,No,No,No,No,No,No,No,No,No,0.0,0.0,Unknown,Unknown,Unknown,0.0,Unknown
6d54fe0d-9506-4771-a237-7b7cfb75a11f,Conservancy manager,2020-08-18,2020-08-18,Rainy,0.876056,36.5518409,Mountain,Non-Protected Area: Conservancies,lolmolok,Herbivore,Equidae (Zebra),11-50,No,0.0,Unknown,Unknown,No,Yes,No,No,No,No,No,No,No,No,No,0.0,0.0,Unknown,Unknown,Unknown,0.0,Unknown
52f716e6-cc49-41ed-a185-63a79227b4ee,Ranger,2020-08-16,2020-08-16,Dry,0.2352469,38.0447162,Eastern,Protected Area: National Park,M N Park,Herbivore,Eland,<10,No,0.0,Unknown,Unknown,Yes,No,No,No,No,No,No,No,No,No,No,0.0,0.0,Unknown,Unknown,Unknown,0.0,Unknown
1777dbf4-0cd0-4ab3-98c1-e7c0090a6357,Ranger,2020-10-12,2020-10-12,Dry,0.2394437,38.0424551,Eastern,Protected Area: National Park,Meru N Park,Herbivore,Equidae (Zebra),<10,Yes,1.0,Unknown,Unknown,No,No,No,No,No,No,No,No,No,No,No,0.0,0.0,Unknown,Unknown,Unknown,0.0,Unknown
1fdf96bf-141d-4685-ac81-05d4f736abfd,Ranger,2020-07-24,2020-07-24,Dry,0.28805,38.0646614,Eastern,Protected Area: National Park,MNpark No 32,Carnivore,Lions,<10,No,0.0,Unknown,Unknown,Yes,No,No,No,No,No,No,No,No,No,No,0.0,0.0,Unknown,Unknown,Unknown,0.0,Unknown
286d5366-b482-4752-bf74-589c045f0505,Research scientist,2020-12-04,2020-12-04,Dry,30.5643401,-96.2686086,Mountain,Non-Protected Area: Community land,S,Carnivore,Jackals,101-500,Yes,1.0,Unknown,Unknown,No,No,No,No,No,No,No,No,No,No,No,0.0,0.0,Unknown,Unknown,Unknown,0.0,Unknown
7f6d130c-1f2a-4153-ae32-e05f711a6a3b,Research scientist,2020-08-18,2020-08-18,Dry,0.0,0.0,Tsavo,Protected Area: National Park,Near Sala ,Herbivore,Equidae (Zebra),11-50,Yes,1.0,Unknown,Unknown,No,No,No,No,No,No,No,No,No,No,No,0.0,0.0,Unknown,Unknown,Unknown,0.0,Unknown
20a9a265-176b-4d57-9a4b-02663c465d7c,Veterinarian,2021-03-15,2021-03-15,Dry,0.0044329,37.0705373,Mountain,Non-Protected Area: Conservancies,Ol Pejeta ,Herbivore,Buffalo,<10,No,0.0,Unknown,Unknown,No,Yes,No,Yes,No,No,No,No,No,No,No,1.0,0.0,Other,FMD,Clinical,0.0,[Treatment]
48b2e803-925b-47fa-bb1f-df025f0bd370,Veterinarian,2021-03-29,2021-03-29,Dry,0.0269858,36.9031431,Mountain,Non-Protected Area: Conservancies,Ol Pejeta CONSERVANCY ,Herbivore,Equidae (Zebra),11-50,No,0.0,Unknown,Unknown,Yes,No,No,No,No,Yes,No,No,No,No,No,1.0,1.0,Other,Perforating Gastritis ,Post Mortem,0.0,[Other]
1e8f8c06-f8ff-4f56-b8f8-507c27a74a3e,Veterinarian,2021-03-16,2021-03-16,Dry,0.0270261,36.9031401,Mountain,Non-Protected Area: Conservancies,Ol Pejeta Conservancy ,Carnivore,Lions,<10,Yes,1.0,Species territorial fights,Unknown,Yes,Yes,No,No,No,No,No,No,No,No,No,1.0,1.0,Other,Injured By Other Lions ,Post Mortem,0.0,[No Action]
ae476402-45a6-43b1-8e0a-525c0e2cfcd8,Research scientist,2020-08-11,2020-08-11,Dry,-3.3525312,38.5989863,Tsavo,Protected Area: National Park,Research Center ,Non-human Primates,Baboons,<10,Yes,1.0,Unknown,Unknown,No,Yes,No,No,No,No,No,No,No,No,No,0.0,0.0,Unknown,Unknown,Unknown,0.0,Unknown
0f2dcfc5-47f8-4f3c-8e86-3c8f8166c730,Ranger,2020-11-17,2020-11-17,Dry,0.2599489,37.9503624,Eastern,Protected Area: National Park,Meru,Herbivore,Equidae (Zebra),<10,Yes,1.0,Unknown,Unknown,No,No,No,No,No,No,No,No,No,No,No,0.0,0.0,Unknown,Unknown,Unknown,0.0,Unknown
30565900-039b-4ca5-97c8-f1d522ea03cb,Research scientist,2021-04-23,2021-04-23,Dry,0.0,0.0,Eastern,Non-Protected Area: Conservancies,f,Carnivore,Leopards,101-500,Yes,2.0,Unknown,Unknown,No,No,No,No,No,No,No,No,No,No,No,0.0,0.0,Unknown,Unknown,Unknown,0.0,Unknown
399d637a-b9ea-4d65-8fea-4159bd77be37,Research scientist,2021-09-21,2021-09-21,Dry,0.0,0.0,Mountain,Protected Area: National Reserve,Ngamia,Herbivore,Buffalo,11-50,No,0.0,Unknown,Unknown,No,No,No,No,No,No,No,No,No,No,Yes,0.0,0.0,Unknown,Unknown,Unknown,0.0,Unknown
fc6fb559-3314-421f-9ecb-398b87df30c0,Veterinarian,2021-09-20,2021-09-20,Dry,0.0209101,37.0907281,Mountain,Non-Protected Area: Community land,Nanyuki,Carnivore,Hyena,<10,Yes,1.0,Species territorial fights,Unknown,No,No,No,No,No,No,No,No,No,No,No,1.0,0.0,Canine Distemper,Unknown,Clinical,0.0,[No Action]
f382d933-08b8-4838-9712-b868d4178610,Research scientist,2021-09-21,2021-09-21,Rainy,0.020911,37.0907208,Western,Protected Area: National Park,Mt. Elgon,Herbivore,Buffalo,<10,Yes,1.0,Unknown,Unknown,No,No,No,No,No,No,No,No,No,No,No,0.0,0.0,Unknown,Unknown,Unknown,0.0,Unknown
dcb73cdd-ce17-4be2-b6b7-5783e6034094,Veterinarian,2021-09-19,2021-09-21,Dry,0.02091,37.0907278,Central Rift,Protected Area: National Park,Nakuru National Park ,Herbivore,Buffalo,>1000,No,0.0,Unknown,Unknown,Yes,No,No,No,No,No,No,No,No,No,No,0.0,20.0,Anthrax,Unknown,Clinical,0.0,"[Decontamination, Vaccination]"
73ac15c9-a92c-492c-a94d-c7b54f005d03,Conservancy manager,2021-09-19,2021-09-21,Dry,0.020874,37.091122,Central Rift,Protected Area: National Park,Nakuruu,Herbivore,Buffalo,11-50,No,0.0,Unknown,Unknown,Yes,No,No,No,No,No,No,No,No,No,No,0.0,0.0,Unknown,Unknown,Unknown,0.0,Unknown
f79343ea-cff6-4a51-a132-02b914aca90e,Research scientist,2021-09-17,2021-09-21,Dry,0.020874,37.091122,Central Rift,Protected Area: National Park,Nakuru,Herbivore,Buffalo,11-50,No,0.0,Unknown,Unknown,Yes,No,No,No,No,No,No,No,No,No,Yes,0.0,0.0,Unknown,Unknown,Unknown,0.0,Unknown
c89aec89-6e75-4ba0-9421-f3f19fa8de76,Research scientist,2021-09-19,2021-09-21,Dry,0.0233712,37.0908373,Central Rift,Protected Area: National Park,Nakuru N. Park,Herbivore,Buffalo,11-50,No,0.0,Unknown,Unknown,Yes,No,No,No,Yes,No,No,No,No,No,Yes,0.0,0.0,Unknown,Unknown,Unknown,0.0,Unknown
bda89722-3237-44f4-a942-769762af2cd1,Conservancy manager,2021-09-19,2021-09-21,Dry,0.02091,37.0907275,Central Rift,Protected Area: National Park,Nakuru National ,Herbivore,Buffalo,>1000,No,0.0,Unknown,Unknown,Yes,No,No,No,No,No,No,No,No,No,No,0.0,0.0,Unknown,Unknown,Unknown,0.0,Unknown
4e7a4ccf-4a1e-40a5-b36c-50cdd0b4eafd,Veterinarian,2021-09-19,2021-09-21,Dry,0.0,0.0,Mountain,Non-Protected Area: Ranch,Mpala,Herbivore,Buffalo,<10,No,0.0,Unknown,Unknown,No,Yes,No,No,No,No,No,No,No,No,No,1.0,0.0,Other,Fungal,Clinical,0.0,[Treatment]
fabe23c1-8b24-4848-9288-119ea9106a17,Veterinarian,2021-09-19,2021-09-21,Dry,0.0209101,37.0907275,Central Rift,Protected Area: National Park,Nakuru National Park ,Herbivore,Buffalo,>1000,No,0.0,Unknown,Unknown,Yes,No,No,No,No,No,No,No,No,No,No,0.0,20.0,Anthrax,Unknown,Clinical,0.0,"[Decontamination, Vaccination]"
d1311575-7516-4df8-a98c-840d45cc85d6,Veterinarian,2021-09-17,2021-09-21,Dry,0.020874,37.091122,Central Rift,Protected Area: National Park,Nakuru,Herbivore,Buffalo,11-50,No,0.0,Unknown,Unknown,Yes,No,No,No,No,No,No,No,No,No,Yes,0.0,10.0,Anthrax,Unknown,Clinical,0.0,"[Decontamination, Other]"
5fb2f20f-f8ec-4554-9c24-e86e9ab38df7,Veterinarian,2021-09-20,2021-09-21,Dry,0.0,0.0,Central Rift,Protected Area: National Park,Lake Nakuru,Herbivore,Buffalo,11-50,No,0.0,Unknown,Unknown,Yes,No,No,No,No,No,No,No,No,No,No,5.0,5.0,Anthrax,Unknown,Clinical,1.0,"[Treatment, Decontamination]"
c99ed42b-0b96-4855-b4b9-bf96a631b395,Conservancy manager,2021-09-20,2021-09-21,Dry,0.0207295,37.0907521,Central Rift,Protected Area: National Park,Lake Nakuru,Herbivore,Buffalo,11-50,No,0.0,Unknown,Unknown,Yes,No,No,No,No,No,No,No,No,No,No,0.0,0.0,Unknown,Unknown,Unknown,0.0,Unknown
8f5f8e1d-af27-4e65-bdf7-ad2ca7470764,Research scientist,2021-09-21,2021-09-21,Dry,3693.0,5698.0,Central Rift,Protected Area: National Park,Nakuru,Herbivore,Buffalo,101-500,Yes,2.0,Unknown,Unknown,No,No,No,No,No,No,No,No,No,No,No,0.0,0.0,Unknown,Unknown,Unknown,0.0,Unknown
c7f174cf-d899-4001-a9f6-eb1908ed8d1e,Veterinarian,2021-09-20,2021-09-20,Rainy,0.0209259,37.0907294,Mountain,Non-Protected Area: Community land,Laikipia,Herbivore,Buffalo,11-50,No,0.0,Unknown,Unknown,Yes,No,No,No,No,No,No,No,No,No,No,10.0,10.0,Anthrax,Unknown,Clinical,0.0,[Decontamination]
b3ffb10c-4c21-43c3-8370-dddead532466,Ranger,2021-09-19,2021-09-19,Dry,0.0209089,37.0907229,Central Rift,Protected Area: National Park,Nakuruu,Herbivore,Buffalo,11-50,Yes,10.0,Unknown,Unknown,No,No,No,No,No,No,No,No,No,No,No,0.0,0.0,Unknown,Unknown,Unknown,0.0,Unknown
3a711995-f4f7-4416-873d-da7227c22471,Veterinarian,2021-09-21,2021-09-21,Dry,0.0209329,37.090721,Mountain,Non-Protected Area: Conservancies,Mount KENYA,Herbivore,Eland,11-50,No,0.0,Unknown,Unknown,Yes,No,No,No,No,No,No,No,No,No,No,2.0,2.0,Other,East Coast Fever,Clinical,0.0,[Relocation]
6d3ec503-7e69-4e3d-8b64-3a562fc1ac51,Conservancy manager,2021-09-21,2021-09-21,Dry,0.02091,37.0907282,Central Rift,Protected Area: National Reserve,Masai Mara,Herbivore,Thomson gazelles,<10,No,0.0,Unknown,Unknown,No,Yes,No,No,No,No,No,No,No,No,No,0.0,0.0,Unknown,Unknown,Unknown,0.0,Unknown
a96e25bd-d593-486f-a24c-91db6afa231f,Veterinarian,2021-09-19,2021-09-21,Rainy,0.0209255,37.0907304,Central Rift,Protected Area: National Park,Nakuru National Park,Herbivore,Buffalo,11-50,No,0.0,Unknown,Unknown,Yes,No,No,No,No,No,No,No,No,No,No,5.0,10.0,Anthrax,Unknown,Clinical,0.0,[No Action]
a8fa72b0-0789-4904-8ce6-b532c9460ec8,Veterinarian,2021-09-17,2021-09-21,Dry,0.0209148,37.0907284,Central Rift,Protected Area: National Park,Nakuru,Herbivore,Buffalo,11-50,No,0.0,Unknown,Unknown,Yes,No,No,No,No,No,No,No,No,No,Yes,0.0,10.0,Anthrax,Unknown,Clinical,0.0,"[Decontamination, Other]"
1e010324-35ea-4511-a49a-9d2ed179c3ff,Veterinarian,2021-09-21,2021-09-21,Rainy,0.0209128,37.0907305,Northern,Non-Protected Area: Conservancies,Kongoni,Herbivore,Buffalo,11-50,No,0.0,Unknown,Unknown,Yes,No,No,No,No,No,No,No,No,No,No,0.0,10.0,Anthrax,Unknown,Clinical,0.0,"[Decontamination, Other]"
49cb5e6a-17b0-4886-88b6-b06e21cae2be,Research scientist,2021-09-21,2021-09-21,Dry,0.0209253,37.0907312,Central Rift,Protected Area: National Park,Nakuru,Herbivore,Buffalo,11-50,No,0.0,Unknown,Unknown,Yes,No,No,No,No,No,No,No,No,No,Yes,0.0,0.0,Unknown,Unknown,Unknown,0.0,Unknown
164b9deb-5700-4e0b-a5eb-e83151b7179e,Veterinarian,2021-09-21,2021-09-21,Rainy,0.0209128,37.0907305,Northern,Protected Area: National Reserve,Bsnr,Herbivore,Buffalo,<10,Yes,1.0,Predator,Unknown,Yes,Yes,Yes,No,No,No,No,No,No,No,No,1.0,1.0,Other,Predator,Clinical,0.0,[No Action]
0e1e78f6-0b2c-4554-a2e7-576127fac705,Veterinarian,2021-09-19,2021-09-20,Dry,0.0209309,37.090729,Central Rift,Protected Area: National Park,Nakuru,Herbivore,Buffalo,11-50,No,0.0,Unknown,Unknown,Yes,No,No,No,No,No,No,No,No,No,Yes,10.0,5.0,Anthrax,Unknown,Clinical,0.0,"[Decontamination, Other]"
2ad7cda7-1aff-4b78-96d2-c18b7d637a67,Research scientist,2021-09-17,2021-09-21,Dry,0.0209292,37.0907297,Central Rift,Protected Area: National Park,Nakuru,Herbivore,Buffalo,11-50,No,0.0,Unknown,Unknown,Yes,No,No,No,No,No,No,No,No,No,Yes,0.0,0.0,Unknown,Unknown,Unknown,0.0,Unknown
4beebd6f-99c9-49dc-9623-e765f9359383,Research scientist,2021-09-22,2021-09-22,Dry,0.0,0.0,Mountain,Non-Protected Area: Conservancies,Mpala,Herbivore,Buffalo,11-50,No,0.0,Unknown,Unknown,No,Yes,No,No,No,No,No,No,No,No,No,0.0,0.0,Unknown,Unknown,Unknown,0.0,Unknown
973a60ac-9843-4441-8bc3-fe6230cce089,Research scientist,2021-09-22,2021-09-22,Dry,0.0,0.0,Mountain,Non-Protected Area: Conservancies,Mpala,Herbivore,Buffalo,11-50,No,0.0,Unknown,Unknown,No,Yes,No,No,No,No,No,No,No,No,No,0.0,0.0,Unknown,Unknown,Unknown,0.0,Unknown
398e85c2-5695-400a-ac82-db044d6183c6,Veterinarian,2021-09-22,2021-09-22,Dry,0.390249,37.1592246,Mountain,Non-Protected Area: Conservancies,Mpala,Herbivore,Buffalo,11-50,No,0.0,Unknown,Unknown,No,Yes,No,No,No,No,No,No,No,No,No,1.0,0.0,Other,Ectoparasites,Clinical,0.0,[Treatment]
0ac9199a-9e31-4464-871f-551b2656e694,Ranger,2021-09-21,2021-09-21,Dry,0.1625906,37.0208685,Mountain,Non-Protected Area: Conservancies,Mpala,Herbivore,Buffalo,11-50,Yes,2.0,Unknown,Unknown,No,Yes,No,No,No,No,No,No,No,No,No,0.0,0.0,Unknown,Unknown,Unknown,0.0,Unknown
bb31ea99-d0e3-4216-b703-90760ebeb90f,Ranger,2021-10-20,2021-10-20,Dry,0.0,0.0,Eastern,Protected Area: National Park,Meru National Park,Herbivore,Giraffe,11-50,No,0.0,Unknown,Unknown,Yes,No,No,No,No,Yes,No,No,No,No,No,0.0,0.0,Unknown,Unknown,Unknown,0.0,Unknown
cfc0c92c-f7b1-469a-aa6a-debbd0ecfe0e,Veterinarian,2021-09-22,2021-09-22,Dry,0.3932576,37.1605293,Mountain,Non-Protected Area: Community land,Mpala,Herbivore,Buffalo,<10,No,0.0,Unknown,Unknown,No,No,No,No,No,No,No,No,No,No,Yes,10.0,0.0,Other,ECF,Clinical,10.0,[Treatment]
feb02615-d94e-43b2-8783-138d5397472c,Veterinarian,2021-09-21,2021-09-21,Dry,0.4730821,37.0116825,Northern,Non-Protected Area: Ranch,Mpala,Herbivore,Buffalo,<10,No,0.0,Unknown,Unknown,No,No,No,No,No,Yes,No,No,No,No,No,1.0,0.0,Other,Malnutrition ,Clinical,0.0,[No Action]
f2661bcb-f78b-4666-96c8-091105ea0354,Veterinarian,2021-09-22,2021-09-22,Dry,0.0936346,36.961999,Mountain,Non-Protected Area: Conservancies,Nanyuki,Herbivore,Buffalo,<10,No,0.0,Unknown,Unknown,No,Yes,No,No,No,No,No,No,No,No,No,1.0,0.0,Other,Photosensitivity,Clinical,0.0,[Treatment]
c4db63d8-e737-4ed8-a8ae-dc19c96b8b45,Research scientist,2021-09-15,2021-09-21,Dry,0.4695113,37.0160449,Mountain,Non-Protected Area: Ranch,Mpala Research,Herbivore,Buffalo,<10,No,0.0,Unknown,Unknown,No,No,No,No,No,Yes,No,No,No,No,No,0.0,0.0,Unknown,Unknown,Unknown,0.0,Unknown
05afdb80-1a4b-45f8-a11a-59b8f75ceef0,Veterinarian,2021-09-22,2021-09-22,Dry,0.0,0.0,Mountain,Non-Protected Area: Ranch,Mpala Ranch,Herbivore,Buffalo,<10,No,0.0,Unknown,Unknown,No,Yes,No,No,No,No,No,No,No,No,No,1.0,0.0,Other,Mineral Deficiency,Clinical,0.0,[Treatment]
26cf1874-e9c9-4c4e-a524-eabd9b86c237,Research scientist,2021-09-22,2021-09-23,Dry,0.0,0.0,Mountain,Non-Protected Area: Conservancies,Mpala Concervancy,Herbivore,Buffalo,11-50,Yes,1.0,Unknown,Unknown,No,No,No,No,No,No,No,No,No,No,No,0.0,0.0,Unknown,Unknown,Unknown,0.0,Unknown
e65f2a18-e869-4821-8b29-552126649098,Research scientist,2021-09-21,2021-09-22,Dry,0.0,0.0,Mountain,Non-Protected Area: Conservancies,Mpala,Herbivore,Buffalo,11-50,Yes,1.0,Unknown,Unknown,No,No,No,No,No,No,No,No,No,No,No,0.0,0.0,Unknown,Unknown,Unknown,0.0,Unknown
3740f191-e019-404d-b075-4da982b7aebe,Research scientist,2021-09-21,2021-09-22,Dry,0.0,0.0,Eastern,Non-Protected Area: Conservancies,Mpala,Herbivore,Buffalo,<10,No,0.0,Unknown,Unknown,No,Yes,No,No,No,No,No,No,No,No,No,0.0,0.0,Unknown,Unknown,Unknown,0.0,Unknown
82f99f3b-9bac-4fa2-a456-474e045a0d7a,Veterinarian,2021-09-22,2021-09-22,Rainy,0.0,0.0,Northern,Non-Protected Area: Conservancies,Mpala,Herbivore,Buffalo,<10,No,0.0,Unknown,Unknown,No,No,No,No,No,No,No,No,No,No,Yes,0.0,0.0,Other,Emaciation,Clinical,0.0,[Treatment]
5631170d-a7fd-461b-be2c-492ee33f89d4,Veterinarian,2021-09-22,2021-09-22,Rainy,0.4730821,37.0116825,Mountain,Non-Protected Area: Conservancies,Mpala,Herbivore,Buffalo,11-50,Yes,1.0,Predator,Unknown,No,No,No,No,No,No,No,No,No,No,No,1.0,0.0,Other,Injury,Clinical,0.0,[Treatment]
dc583b30-6ce3-491e-bb4a-1d4178356e7f,Research scientist,2021-09-19,2021-09-22,Dry,0.0209252,37.0907295,Central Rift,Protected Area: National Park,Nakuru,Herbivore,Buffalo,11-50,No,0.0,Unknown,Unknown,Yes,No,No,No,No,No,No,No,No,No,Yes,0.0,0.0,Unknown,Unknown,Unknown,0.0,Unknown
b28e874f-84e1-4cbb-852c-ef436d7c9a3e,Veterinarian,2021-09-08,2021-09-21,Dry,0.0209097,37.0907283,Northern,Non-Protected Area: Conservancies,Sabuli,Herbivore,Giraffe,11-50,No,0.0,Unknown,Unknown,Yes,No,No,No,No,No,No,No,No,No,No,1.0,1.0,Anthrax,Unknown,Clinical,0.0,[Decontamination]
a7068c48-2e4a-46b1-a73a-9477a475b9a8,Research scientist,2021-09-22,2021-09-22,Rainy,0.0249991,37.0928486,Mountain,Non-Protected Area: Community land,Mpala,Herbivore,Buffalo,11-50,No,0.0,Unknown,Unknown,No,Yes,No,No,No,No,No,No,No,No,No,0.0,0.0,Unknown,Unknown,Unknown,0.0,Unknown
dc172277-b1ca-48aa-9038-5f5585830c14,Research scientist,2021-09-15,2021-09-21,Dry,0.0,0.0,Mountain,Non-Protected Area: Ranch,MPALA RC,Herbivore,Buffalo,11-50,Yes,1.0,Unknown,Unknown,No,No,Yes,No,Yes,Yes,No,No,No,No,No,0.0,0.0,Unknown,Unknown,Unknown,0.0,Unknown
c393974e-350f-4b62-9fc8-fb2955582e97,Veterinarian,2021-09-22,2021-09-22,Dry,0.0,0.0,Mountain,Non-Protected Area: Community land,Reteti Elephant Sanctuary,Herbivore,Elephants,11-50,No,0.0,Unknown,Unknown,No,No,No,No,Yes,No,No,No,No,No,No,1.0,0.0,Clostridia enterotoxaemia,Unknown,Clinical,0.0,[Treatment]
aa9afeb4-569d-40e5-9eab-e26c346dc7f1,Research scientist,2021-09-22,2021-09-22,Rainy,0.0112335,37.0750166,Mountain,Non-Protected Area: Conservancies,Mpala,Herbivore,Buffalo,<10,No,0.0,Unknown,Unknown,No,Yes,No,No,No,No,No,No,No,No,No,0.0,0.0,Unknown,Unknown,Unknown,0.0,Unknown
d74833c7-ef3b-4023-bc9a-e398880ba728,Veterinarian,2021-09-27,2021-09-27,Dry,-0.8608243,36.2978203,Central Rift,Non-Protected Area: Conservancies,Hippo Point ,Herbivore,Buffalo,<10,No,0.0,Unknown,Unknown,No,No,No,No,No,No,No,No,No,No,Yes,2.0,0.0,Other,Heavy Tick Infestation ,Clinical,0.0,[Treatment]
c91aa9c4-8de2-42bc-aff9-87cd9ca1d110,Research scientist,2021-09-27,2021-09-27,Rainy,0.0,0.0,Central Rift,Protected Area: National Park,Lake Nakuru,Herbivore,Buffalo,<10,Yes,1.0,Unknown,Unknown,Yes,Yes,No,No,No,No,No,No,No,No,Yes,0.0,0.0,Unknown,Unknown,Unknown,0.0,Unknown
cd2dcdef-294f-4226-9d84-e5b8ce8ff2ac,Veterinarian,2021-09-28,2021-09-28,Dry,-0.6806274,36.403117,Central Rift,Non-Protected Area: Ranch,Manera Farm ,Herbivore,Equidae (Zebra),11-50,No,0.0,Unknown,Unknown,No,No,No,No,No,Yes,No,No,No,No,No,1.0,3.0,Other,Starvation,Clinical,0.0,[No Action]
ca761a6e-c408-4be3-94dd-bdb81f6e1ef7,Veterinarian,2021-09-24,2021-09-25,Rainy,0.0,0.0,Mountain,Non-Protected Area: Community land,Westgate Conservancy,Herbivore,Impalla,11-50,No,0.0,Unknown,Unknown,Yes,No,Yes,No,No,No,No,No,No,Yes,No,0.0,17.0,Other,Pasteurellosis,Clinical,0.0,[Decontamination]
a03c9657-38f5-45da-9f6b-c038168cd8fc,Veterinarian,2021-09-30,2021-09-28,Dry,-0.7366544,36.464332,Central Rift,Non-Protected Area: Conservancies,WRTI_main Campus,Herbivore,Equidae (Zebra),<10,No,0.0,Unknown,Unknown,No,Yes,No,No,No,No,No,No,No,No,Yes,0.0,0.0,Other,Sarcoids,Clinical,0.0,[Treatment]
faff6fa8-5332-4a07-a697-af3c8d38f5d2,Veterinarian,2021-09-29,2021-09-30,Dry,-0.7112263,36.4393109,Central Rift,Non-Protected Area: Ranch,Morendat North Farm ,Herbivore,Eland,<10,No,0.0,Unknown,Unknown,Yes,No,No,No,No,No,No,No,No,No,No,0.0,1.0,Other,Non Conclusive PM - Death Due to Old Age,Post Mortem,0.0,[Other]
9c7af993-5f9c-4d97-94b4-bb8667cda4ee,Veterinarian,2021-10-03,2021-10-06,Dry,0.0,0.0,Mountain,Non-Protected Area: Community land,Reteti Elephant Sanctuary,Herbivore,Elephants,11-50,No,0.0,Unknown,Unknown,No,No,Yes,No,Yes,No,No,No,No,No,No,1.0,2.0,Other,Salmonellosis,Clinical,0.0,"[Treatment, Decontamination]"
40c6c5fa-6c87-4c19-8ad4-b849b2dd6e5d,Veterinarian,2021-10-07,2021-10-07,Dry,1.1146605,37.4602144,Mountain,Non-Protected Area: Community land,Reteti Elephant Sanctuary,Herbivore,Other,<10,No,0.0,Unknown,Unknown,No,No,Yes,No,No,No,No,No,No,No,No,1.0,0.0,Other,Pneumonia,Clinical,0.0,[Treatment]
3fd79f6d-d10a-4151-8206-8c0bb0eb72d5,Veterinarian,2021-10-13,2021-10-13,Dry,-0.4940657,36.3543803,Central Rift,Non-Protected Area: Community land,Kamathatha,Herbivore,Equidae (Zebra),11-50,Yes,2.0,Human inflicted,Snares,No,No,No,No,No,No,No,No,No,No,No,0.0,0.0,Other,Rope Snare On Front Leg ,Clinical,0.0,[Treatment]
604f1c09-0948-4651-a40c-79d477047388,Veterinarian,2021-10-13,2021-10-13,Dry,-0.4940657,36.3543803,Central Rift,Non-Protected Area: Community land,Kamathatha ,Herbivore,Equidae (Zebra),11-50,Yes,1.0,Human inflicted,Snares,No,No,No,No,No,No,No,No,No,No,No,0.0,0.0,Other,Wire Snare On The Neck ,Clinical,0.0,[Treatment]
c06c2884-404b-42de-b203-ba7d5650732a,Veterinarian,2021-10-13,2021-10-13,Dry,-0.8271217,36.3374506,Central Rift,Non-Protected Area: Ranch,Kedong Ranch ,Herbivore,Buffalo,11-50,No,0.0,Unknown,Unknown,Yes,No,No,No,No,No,No,No,No,No,No,0.0,1.0,Other,Traumatic Pericarditis (TRP),Post Mortem,0.0,[No Action]
1da72075-c9a3-41ee-9f20-84a1ca89720a,Veterinarian,2021-10-19,2021-10-20,Dry,1.1146598,37.4602193,Mountain,Non-Protected Area: Community land,Reteti Elephant Sanctuary,Herbivore,Elephants,11-50,No,0.0,Unknown,Unknown,No,No,No,No,Yes,No,No,No,No,No,No,1.0,0.0,Other,"Salmonellosis, Clostridial Or Protozoa",Clinical,0.0,"[Treatment, Decontamination]"
ddb1a612-bbc7-4041-ba28-b0784a5f9ad3,Veterinarian,2021-10-18,2021-10-18,Dry,0.0,0.0,Mountain,Non-Protected Area: Community land,Sera Wildlife Conservancy,Herbivore,Elephants,<10,No,0.0,Unknown,Unknown,Yes,No,No,No,No,No,No,No,No,No,No,0.0,1.0,Other,"Lung Hemorrhage, Septicemia And Severe Helminthiasis",Post Mortem,0.0,[Decontamination]
b73e82dd-6768-4e13-95c8-290b7496e6d2,Research scientist,2022-03-21,2022-03-21,Dry,-0.3079185,36.0541711,Central Rift,Protected Area: National Park,Lake Nakuru ,Herbivore,Buffalo,<10,No,0.0,Unknown,Unknown,Yes,No,No,No,No,No,No,No,No,No,No,0.0,0.0,Unknown,Unknown,Unknown,0.0,Unknown
f7a1b7ef-c85d-4e71-b5e4-7abc55adb992,Veterinarian,2021-10-07,2021-10-08,Dry,-0.492244,36.1513156,Central Rift,Protected Area: National Park,Lake Nakuru NP,Herbivore,Rhinos,11-50,Yes,1.0,Species territorial fights,Unknown,No,No,No,No,No,No,No,No,No,No,No,1.0,0.0,Other,Trauma ,Clinical,0.0,[Treatment]
1523b598-bbae-44f3-8f17-117955a604e0,Veterinarian,2021-10-26,2021-10-27,Dry,-0.7368856,36.4399872,Central Rift,Other,WRTI_Annex,Herbivore,Equidae (Zebra),11-50,No,0.0,Unknown,Unknown,Yes,No,No,No,No,No,No,No,No,No,No,0.0,0.0,Other,torsion of the Colon ,Post Mortem,0.0,[No Action]
e1fcb246-ffca-4f45-8b0a-98839a43024c,Veterinarian,2021-10-29,2021-10-29,Dry,-0.8222163,36.2771502,Central Rift,Non-Protected Area: Conservancies,Oserengoni Sanctuary ,Herbivore,Equidae (Zebra),<10,Yes,1.0,Human inflicted,Snares,No,No,No,No,No,No,No,No,No,No,No,0.0,0.0,Other,Snare ,Clinical,0.0,[Treatment]
81e8f845-50fc-4508-93ea-03b5f63ca31f,Veterinarian,2022-01-05,2022-01-05,Dry,-0.3605672,36.2049307,Central Rift,Non-Protected Area: Conservancies,Soysambu Conservancy ,Herbivore,Equidae (Zebra),11-50,Yes,1.0,Human inflicted,Snares,No,No,No,No,No,No,No,No,No,No,No,0.0,0.0,Other,Snared ,Clinical,0.0,[Treatment]
972cf8ca-ecc9-4cb9-884f-11f6c26ee374,Veterinarian,2022-01-10,2022-01-10,Dry,-0.6204493,36.3831523,Central Rift,Non-Protected Area: Ranch,Marula Estates Ltd,Herbivore,Other,11-50,No,0.0,Unknown,Unknown,No,No,No,No,No,No,No,No,No,No,Yes,0.0,0.0,Other,Snare,Clinical,0.0,[Treatment]
8af68b50-c411-4396-a23a-a0bf9ee2ecae,Veterinarian,2022-01-13,2022-01-13,Dry,-0.8597666,36.4805575,Central Rift,Non-Protected Area: Community land,Mirera _suswa,Herbivore,Equidae (Zebra),<10,No,0.0,Unknown,Unknown,No,No,No,No,No,No,No,No,No,No,Yes,0.0,0.0,Other,Snare,Clinical,1.0,[Treatment]
57b1ae2e-4dc7-42b9-a794-a67fb7474608,Veterinarian,2022-01-17,2022-01-17,Dry,-0.533598,36.1547101,Central Rift,Non-Protected Area: Conservancies,Soysambu ,Herbivore,Equidae (Zebra),11-50,No,0.0,Unknown,Unknown,No,No,No,No,No,No,No,No,No,No,Yes,0.0,0.0,Other,Snare,Clinical,0.0,[Treatment]
b9bc118b-5592-4fd2-bafb-7b5059e82d4d,Veterinarian,2022-01-18,2022-01-18,Dry,0.0,0.0,Central Rift,Non-Protected Area: Community land,Sandai - Lake Bogoria ,Avian,Terrestrial Birds,<10,Yes,1.0,Human inflicted,Arrow wounds,No,No,No,No,No,No,No,No,No,No,No,0.0,0.0,Other,Shot With An Arrow On The Neck ,Clinical,0.0,[Treatment]
bad149ef-88f1-4de0-9762-7df4d9ee9c53,Veterinarian,2022-01-18,2022-01-18,Dry,0.0,0.0,Central Rift,Non-Protected Area: Community land,Kiptirbilwa,Avian,Terrestrial Birds,<10,Yes,1.0,Human inflicted,Arrow wounds,No,No,No,No,No,No,No,No,No,No,No,0.0,0.0,Other,Arrow Head Injury On The Abdomen ,Clinical,0.0,[Treatment]
edd7f2e3-23b0-4b6f-8715-d16fabfc39af,Research scientist,2022-02-23,2022-02-23,Dry,-0.4992411,36.1411313,Central Rift,Protected Area: National Park,Naishi Airstrp,Herbivore,Buffalo,<10,No,0.0,Unknown,Unknown,Yes,No,No,No,No,Yes,No,No,No,No,No,0.0,0.0,Unknown,Unknown,Unknown,0.0,Unknown
710a7fa2-4429-4eb3-a4b1-91657fc64aeb,Veterinarian,2022-01-19,2022-01-19,Dry,-0.7138452,36.4413399,Central Rift,Non-Protected Area: Ranch,Manera farm,Herbivore,Equidae (Zebra),<10,Yes,1.0,Human inflicted,Snares,No,No,No,No,No,No,No,No,No,No,No,0.0,0.0,Other,Wire Snare ,Clinical,0.0,[Treatment]
411062bc-5883-4cea-8656-8a4bfe0f00d5,Veterinarian,2022-01-14,2022-01-14,Dry,0.0,0.0,Central Rift,Non-Protected Area: Ranch,Loldia Farm,Herbivore,Suidae (Warthogs),<10,Yes,1.0,Human inflicted,Snares,No,No,No,No,No,No,No,No,No,No,No,0.0,0.0,Other,Snare On the neck,Clinical,0.0,[Treatment]
54575f0f-f2ec-4c35-80a9-428da599824e,Research scientist,2022-03-22,2022-03-22,Dry,0.0,0.0,Central Rift,Protected Area: National Park,Lake Nakuru ,Herbivore,Buffalo,<10,No,0.0,Unknown,Unknown,Yes,No,No,No,No,No,No,No,No,No,No,0.0,0.0,Unknown,Unknown,Unknown,0.0,Unknown
bb579480-9e2d-4585-a031-a5f7d298a069,Veterinarian,2022-01-19,2022-01-19,Dry,-0.7604697,36.4338998,Central Rift,Non-Protected Area: Conservancies,Kongoni Game Valley ,Herbivore,Giraffe,<10,Yes,1.0,Predator,Unknown,No,No,No,No,No,No,No,No,No,No,No,0.0,0.0,Other,Traumatic Injuries ,Clinical,0.0,[Treatment]
72195cd4-a67d-4022-8baf-c7128602ea2c,Research scientist,2022-01-15,2022-01-19,Dry,-0.2723109,36.0361555,Central Rift,Protected Area: National Park,Lake Nakuru N. Park,Herbivore,Buffalo,<10,No,0.0,Unknown,Unknown,Yes,No,No,No,No,No,No,No,No,No,No,0.0,0.0,Unknown,Unknown,Unknown,0.0,Unknown
85b0325b-8d30-4a4c-b320-610534ed83f5,Veterinarian,2022-01-25,2022-01-24,Dry,0.0,0.0,Central Rift,Non-Protected Area: Conservancies,Kichwa Tembo,Herbivore,Suidae (Warthogs),<10,Yes,2.0,Human inflicted,Snares,No,No,No,No,No,No,No,No,No,No,No,0.0,0.0,Other,Snares Plastic ring,Clinical,0.0,[Treatment]
a87c1522-5b27-49d2-8b59-7de1e094e3e8,Veterinarian,2022-01-26,2022-01-26,Dry,0.0,0.0,Central Rift,Non-Protected Area: Conservancies,Oserengoni Conservancy ,Herbivore,Equidae (Zebra),<10,Yes,1.0,Human inflicted,Spears,No,No,No,No,No,No,No,No,No,No,No,0.0,0.0,Other,Machete Inflicted Wound On the Rump. Maggot Infested and Septic Wound .Poor Prognosis ,Clinical,0.0,[Other]
1058c49a-a1cb-498a-a39a-98db521eb5e4,Veterinarian,2022-01-28,2022-01-28,Dry,0.0,0.0,Central Rift,Non-Protected Area: Community land,Green Park,Herbivore,Equidae (Zebra),<10,Yes,1.0,Species territorial fights,Unknown,No,No,No,No,No,No,No,No,No,No,No,0.0,0.0,Other,Fracture Of The Front Leg,Clinical,0.0,[Other]
8b34893d-2f24-4e83-86b6-22c199942433,Veterinarian,2022-01-25,2022-01-25,Dry,0.0,0.0,Central Rift,Non-Protected Area: Conservancies,Lemeck Conservancy ,Herbivore,Elephants,<10,Yes,1.0,Species territorial fights,Unknown,No,No,No,No,No,No,No,No,No,No,Yes,0.0,0.0,Other,Dislocation of the right front leg,Clinical,1.0,[Treatment]
4cd354c2-e814-421a-b8bc-cdc2273f81de,Research scientist,2022-03-22,2022-03-22,Dry,0.0,0.0,Central Rift,Protected Area: National Park,Nakuru ,Herbivore,Buffalo,<10,No,0.0,Unknown,Unknown,Yes,No,No,No,No,No,No,No,No,No,No,0.0,0.0,Unknown,Unknown,Unknown,0.0,Unknown
8b6c76d6-156e-41b9-8ca8-eea263d19d20,Veterinarian,2022-02-01,2022-02-01,Dry,0.0,0.0,Central Rift,Non-Protected Area: Conservancies,Marula Estate Ltd,Herbivore,Equidae (Zebra),<10,Yes,1.0,Human inflicted,Snares,No,No,No,No,No,No,No,No,No,No,No,0.0,0.0,Other,Wire & Plastic Snare On The Front Leg,Clinical,0.0,[Treatment]
7716b6d9-eb4d-46f5-ac22-f09f00267aae,Veterinarian,2022-02-01,2022-02-01,Dry,0.0,0.0,Central Rift,Non-Protected Area: Conservancies,Soysambu Conservancy ,Herbivore,Equidae (Zebra),11-50,Yes,0.0,Human inflicted,Snares,No,No,No,No,No,No,No,No,No,No,No,0.0,0.0,Other,Wire Snare On Left Hind Leg,Clinical,0.0,[Treatment]
4a952a9e-a5cd-459f-876c-495067edeb0c,Veterinarian,2022-02-01,2022-02-01,Dry,0.0,0.0,Central Rift,Non-Protected Area: Conservancies,Soysambu Conservancy ,Herbivore,Equidae (Zebra),11-50,Yes,1.0,Human inflicted,Snares,No,No,No,No,No,No,No,No,No,No,No,0.0,0.0,Other,Snare,Clinical,0.0,[Treatment]
fa5c9056-8239-4466-ab51-9903a3dcc7a2,Veterinarian,2022-02-03,2022-02-03,Dry,0.0,0.0,Central Rift,Non-Protected Area: Conservancies,Soysambu Conservancy ,Herbivore,Equidae (Zebra),11-50,Yes,1.0,Human inflicted,Snares,No,No,No,No,No,No,No,No,No,No,No,0.0,0.0,Other,Wire Snare On front Right Leg,Clinical,0.0,[Treatment]
5c85f5b3-3ea7-4143-be91-27e88d47dd76,Research scientist,2021-09-27,2021-09-27,Rainy,-0.3047796,36.0810624,Central Rift,Protected Area: National Park,Nakuru,Herbivore,Buffalo,<10,No,0.0,Unknown,Unknown,Yes,No,No,No,No,No,No,No,No,No,No,0.0,0.0,Unknown,Unknown,Unknown,0.0,Unknown
ca00cc21-faab-42a3-8163-87b7cb6f2bf2,Veterinarian,2022-03-10,2022-03-10,Dry,-3.4549829,38.6409533,Tsavo,Protected Area: National Park,Tsavo East,Avian,Terrestrial Birds,51-100,No,0.0,Unknown,Unknown,Yes,No,Yes,No,No,No,No,Yes,No,No,Yes,40.0,30.0,Newcastle Disease Virus (NCD),Unknown,Post Mortem,0.0,[No Action]
08c13bf8-6f3b-43e0-8dd5-9f05efd0d016,Research scientist,2022-03-11,2022-03-08,Dry,-0.2924516,36.1194004,Central Rift,Protected Area: National Park,Nakuru Park,Herbivore,Buffalo,<10,No,0.0,Unknown,Unknown,Yes,No,No,No,No,No,No,No,No,No,No,0.0,0.0,Unknown,Unknown,Unknown,0.0,Unknown
a2db6141-b9af-46a1-b44e-a1d86822b7d4,Veterinarian,2022-03-16,2022-03-16,Dry,0.0,0.0,Central Rift,Non-Protected Area: Conservancies,Soysambu Conservancy ,Herbivore,Equidae (Zebra),<10,Yes,1.0,Human inflicted,Snares,No,No,No,No,No,No,No,No,No,No,No,0.0,0.0,Other,Snare ,Clinical,0.0,[Treatment]
d062a3fc-2110-4e7a-baf8-ffa18153c426,Research scientist,2022-03-11,2022-03-11,Dry,-0.4990349,36.1406629,Central Rift,Protected Area: National Park,Nakuru Park,Herbivore,Buffalo,<10,No,0.0,Unknown,Unknown,Yes,No,No,No,Yes,No,No,No,No,No,Yes,0.0,0.0,Unknown,Unknown,Unknown,0.0,Unknown
9f857079-0372-43e6-84fa-5612909d73a7,Veterinarian,2022-03-15,2022-03-15,Dry,0.0,0.0,Central Rift,Non-Protected Area: Ranch,Lentolia ,Herbivore,Giraffe,<10,Yes,1.0,Human inflicted,Snares,No,No,No,No,No,No,No,No,No,No,No,0.0,0.0,Other,Wire Snare ,Clinical,0.0,[Treatment]
d6636b04-5f27-4bed-8ac3-7324b07ce127,Veterinarian,2022-03-15,2022-03-14,Dry,0.0,0.0,Central Rift,Non-Protected Area: Conservancies,Crater Lake Conservancy ,Herbivore,Giraffe,11-50,Yes,1.0,Human inflicted,Snares,No,No,No,No,No,No,No,No,No,No,No,0.0,0.0,Other,Snare,Clinical,0.0,[Treatment]
c52bb976-46d0-486a-bcc5-34fc5ac423c9,Veterinarian,2022-03-16,2022-03-16,Dry,0.0,0.0,Central Rift,Non-Protected Area: Conservancies,Soysambu Conservancy ,Herbivore,Equidae (Zebra),<10,Yes,1.0,Human inflicted,Snares,No,No,No,No,No,No,No,No,No,No,No,0.0,0.0,Other,Snare,Clinical,0.0,[Treatment]
f0ef747b-9690-4397-bbaf-ccde3fb90eab,Veterinarian,2022-03-16,2022-03-16,Dry,0.0,0.0,Central Rift,Non-Protected Area: Conservancies,Soysambu Conservancy ,Herbivore,Equidae (Zebra),<10,Yes,1.0,Human inflicted,Snares,No,No,No,No,No,No,No,No,No,No,No,0.0,0.0,Other,Snare ,Clinical,0.0,[Treatment]
be9e4c66-9544-4c8f-b9d8-e0b9eb8659c5,Veterinarian,2022-03-16,2022-03-16,Dry,0.0,0.0,Central Rift,Non-Protected Area: Conservancies,Soysambu Conservancy ,Herbivore,Equidae (Zebra),<10,Yes,1.0,Human inflicted,Snares,No,No,No,No,No,No,No,No,No,No,No,0.0,0.0,Other,Snare ,Clinical,0.0,[Treatment]
c7b0e33a-cf04-4b70-a38d-dc5b3961cf7e,Ranger,2022-03-25,2022-03-25,Rainy,1.0990735,35.1235401,Western,Non-Protected Area: Ranch,Dr,Herbivore,Lesser Kudus,<10,No,0.0,Unknown,Unknown,Yes,No,No,No,No,No,No,No,No,No,No,0.0,0.0,Unknown,Unknown,Unknown,0.0,Unknown
ce1dbca5-0261-490c-bade-ec370328014a,Ranger,2022-03-25,2022-03-25,Rainy,1.1347545,35.0991967,Western,Non-Protected Area: Community land,Kipsaina,Herbivore,Other,11-50,Yes,1.0,Unknown,Unknown,Yes,Yes,No,No,No,No,Yes,No,No,No,No,0.0,0.0,Unknown,Unknown,Unknown,0.0,Unknown
3f0908d0-2701-45e2-9d3b-57c0fc0da1bb,Ranger,2022-03-28,2022-03-28,Rainy,1.1388982,35.1029798,Western,Other,Kipsaina,Herbivore,Other,11-50,Yes,2.0,Unknown,Unknown,Yes,Yes,No,No,No,No,Yes,No,No,No,No,0.0,0.0,Unknown,Unknown,Unknown,0.0,Unknown
5eb8f3af-238b-45c8-8fea-13e65b8f93b7,Ranger,2021-10-27,2021-10-27,Rainy,1.0865753,35.0787428,Western,Protected Area: National Park,Saiwa Swamp National Park,Herbivore,Gazelles,<10,No,0.0,Unknown,Unknown,Yes,No,No,No,No,No,Yes,No,No,No,No,0.0,0.0,Unknown,Unknown,Unknown,0.0,Unknown
22e334ea-de45-432f-8413-e270e5e43897,Ranger,2022-03-25,2022-03-25,Rainy,1.1118765,35.1086313,Western,Non-Protected Area: Conservancies,Chematich,Herbivore,Lesser Kudus,<10,No,0.0,Unknown,Unknown,Yes,No,No,No,No,No,No,No,No,No,No,0.0,0.0,Unknown,Unknown,Unknown,0.0,Unknown
be69010e-51bc-4cde-93c9-dd362c7c4926,Veterinarian,2022-02-03,2022-02-03,Dry,0.0,0.0,Central Rift,Non-Protected Area: Conservancies,Soysambu Conservancy ,Herbivore,Equidae (Zebra),<10,Yes,0.0,Human inflicted,Snares,No,No,No,No,No,No,No,No,No,No,No,0.0,0.0,Other,Snare On The Neck ,Clinical,0.0,[Treatment]
0add938b-653b-470b-aecd-1da8cf60b7bf,Veterinarian,2022-03-02,2022-03-02,Dry,0.0,0.0,Central Rift,Non-Protected Area: Ranch,DTI KALRO ,Herbivore,Equidae (Zebra),11-50,Yes,1.0,Human inflicted,Snares,No,No,No,No,No,No,No,No,No,No,No,0.0,0.0,Other,Wounded ,Clinical,0.0,[Treatment]
8ca2ebcb-0a10-45be-abf3-d84eccff3465,Veterinarian,2022-03-03,2022-03-03,Dry,0.0,0.0,Central Rift,Non-Protected Area: Ranch,Elemenitaita Weavers,Herbivore,Equidae (Zebra),11-50,Yes,1.0,Species territorial fights,Unknown,No,No,No,No,No,No,No,No,No,No,No,0.0,0.0,Other,Wounded ,Clinical,0.0,[Treatment]
9023d084-3f42-485b-94fd-45343c600135,Veterinarian,2022-02-28,2022-02-28,Dry,0.0,0.0,Central Rift,Non-Protected Area: Ranch,Kedong Ranch,Herbivore,Buffalo,<10,Yes,1.0,Human inflicted,Snares,No,No,No,No,No,No,No,No,No,No,No,0.0,0.0,Other,Rope Snare,Clinical,0.0,[Treatment]
ebde6e12-2cba-448e-8f08-470c4cc508c7,Veterinarian,2022-03-02,2022-03-02,Dry,0.0,0.0,Central Rift,Non-Protected Area: Conservancies,Soysambu Conservancy ,Herbivore,Equidae (Zebra),<10,Yes,1.0,Human inflicted,Snares,No,No,No,No,No,No,No,No,No,No,No,0.0,0.0,Other,Snare ,Clinical,0.0,[Other]
6702854a-7c45-4dd4-aa2f-700dea7d9863,Veterinarian,2022-03-02,2022-03-02,Dry,0.0,0.0,Central Rift,Non-Protected Area: Conservancies,Soysambu Conservancy ,Herbivore,Equidae (Zebra),<10,Yes,0.0,Human inflicted,Snares,No,No,No,No,No,No,No,No,No,No,No,0.0,0.0,Other,Snare ,Clinical,0.0,[Treatment]
4d6a4a15-969c-41ef-a1b0-dda56d2d1b43,Veterinarian,2022-02-28,2022-02-28,Dry,0.0,0.0,Central Rift,Non-Protected Area: Ranch,Marula Estate ,Herbivore,Other,11-50,Yes,1.0,Human inflicted,Snares,No,No,No,No,No,No,No,No,No,No,No,0.0,0.0,Other,Snares ,Clinical,0.0,[Treatment]
1cc06c2b-ddc5-4533-9dc8-7d0c4b2a0207,Research scientist,2022-03-22,2022-03-22,Dry,0.0,0.0,Central Rift,Protected Area: National Park,Lake Nakuru ,Herbivore,Buffalo,<10,No,0.0,Unknown,Unknown,Yes,No,No,No,No,No,No,No,No,No,No,0.0,0.0,Unknown,Unknown,Unknown,0.0,Unknown
8eaf69f4-43bb-466f-9a1d-bd68fdf0d83d,Veterinarian,2022-02-25,2022-02-25,Dry,0.0,0.0,Central Rift,Non-Protected Area: Community land,Green Park,Herbivore,Equidae (Zebra),<10,No,0.0,Unknown,Unknown,No,No,No,No,No,No,No,No,No,No,Yes,0.0,0.0,Other,Heavy Tick Infestation ,Clinical,0.0,[Treatment]
c1c23ae4-714d-4110-8192-c213e8d368fa,Veterinarian,2022-03-02,2022-03-02,Dry,0.0,0.0,Central Rift,Non-Protected Area: Conservancies,Soysambu Conservancy ,Herbivore,Equidae (Zebra),<10,Yes,1.0,Human inflicted,Snares,No,No,No,No,No,No,No,No,No,No,No,0.0,0.0,Other,Snares,Clinical,0.0,[Treatment]
a1493b38-2b18-477f-a9d8-54ae1a7fd491,Veterinarian,2022-03-03,2022-03-03,Dry,0.0,0.0,Central Rift,Non-Protected Area: Ranch,Sarah Higgins Property ,Herbivore,Equidae (Zebra),11-50,Yes,1.0,Species territorial fights,Unknown,No,No,No,No,No,No,No,No,No,No,No,0.0,0.0,Other,Wounded ,Clinical,0.0,[Treatment]
971bf63a-b6cd-491d-9360-68f10c9b693d,Veterinarian,2022-02-23,2022-02-23,Dry,0.0,0.0,Central Rift,Non-Protected Area: Conservancies,Lake Elemenitaita ,Herbivore,Buffalo,<10,Yes,1.0,Human inflicted,Snares,No,No,No,No,No,No,No,No,No,No,No,0.0,0.0,Other,Winch Wire Snare ,Clinical,0.0,[Treatment]
bf7c31ff-d1bf-410a-aeb4-999c8a3a473b,Veterinarian,2022-04-13,2022-04-12,Dry,0.0,0.0,Central Rift,Non-Protected Area: Conservancies,Soysambu Conservancy ,Herbivore,Equidae (Zebra),11-50,Yes,1.0,Human inflicted,Snares,No,No,No,No,No,No,No,No,No,No,No,0.0,0.0,Other,Wire Snare On Left Front ,Clinical,0.0,[Treatment]
4116b036-51e8-4f3e-8a7b-269ad2917de3,Veterinarian,2022-04-13,2022-04-13,Dry,0.0,0.0,Central Rift,Non-Protected Area: Ranch,Morendat North Farm,Herbivore,Equidae (Zebra),<10,Yes,1.0,Human inflicted,Snares,Yes,No,No,No,No,No,No,No,No,No,No,0.0,0.0,Other,Trapped & Snared By Fence Wires,Clinical,0.0,[Other]
9265c416-0d6d-4906-b270-bb4522fa55e1,Research scientist,2022-03-22,2022-03-22,Dry,-0.3315099,36.0477132,Central Rift,Protected Area: National Park,Lake Nakuru ,Herbivore,Buffalo,<10,No,0.0,Unknown,Unknown,Yes,No,No,No,No,No,No,No,No,No,No,0.0,0.0,Unknown,Unknown,Unknown,0.0,Unknown
6d65a6c9-596d-4f66-9cc7-a2cae9df0761,Veterinarian,2022-05-12,2022-05-12,Dry,0.4772484,36.7986121,Mountain,Non-Protected Area: Conservancies,Naibunga,Herbivore,Elephants,<10,No,0.0,Unknown,Unknown,Yes,No,No,No,No,Yes,No,No,No,No,No,1.0,1.0,Other,Starvation ,Post Mortem,0.0,[Decontamination]
d61b4b9d-aafb-436a-a601-29b88f078b30,Veterinarian,2022-05-03,2022-05-03,Rainy,0.0,0.0,Central Rift,Non-Protected Area: Community land,Green Park,Herbivore,Equidae (Zebra),<10,Yes,1.0,Human inflicted,Snares,No,No,No,No,No,No,No,No,No,No,No,0.0,0.0,Other,Snare ,Clinical,0.0,[Treatment]
bb5dc069-baee-4259-a68c-1fd0869a7665,Veterinarian,2022-05-27,2022-05-27,Rainy,0.0,0.0,Central Rift,Non-Protected Area: Ranch,OSERENGONI Sanctuary ,Herbivore,Buffalo,<10,Yes,1.0,Human inflicted,Snares,No,No,No,No,No,No,No,No,No,No,No,0.0,0.0,Other,Wire Snare,Clinical,0.0,[Treatment]
e872548d-ca41-4057-98cb-58b2d50bac5e,Veterinarian,2022-06-02,2022-06-02,Rainy,0.0,0.0,Central Rift,Non-Protected Area: Conservancies,Mara North Conservancy ,Herbivore,Elephants,<10,Yes,1.0,Human inflicted,Arrow wounds,No,No,No,No,No,No,No,No,No,No,No,0.0,0.0,Other,Shot with an Arrow On The Rump ,Clinical,0.0,[Treatment]
6c20d960-b57b-4902-87a3-cc908c2c5c37,Veterinarian,2022-05-31,2022-05-31,Rainy,0.0,0.0,Central Rift,Non-Protected Area: Community land,Rubirj,Herbivore,Equidae (Zebra),<10,Yes,1.0,Human inflicted,Snares,No,No,No,No,No,No,No,No,No,No,No,0.0,0.0,Other,Snare ,Clinical,0.0,[Treatment]
a12838c1-26f8-45a5-a1b2-15aaa76c14a2,Veterinarian,2022-05-24,2022-05-24,Rainy,0.0,0.0,Central Rift,Non-Protected Area: Ranch,Kedong Ranch ,Herbivore,Equidae (Zebra),11-50,Yes,1.0,Human inflicted,Snares,No,No,No,No,No,No,No,No,No,No,No,0.0,0.0,Other,Wire Snare On The Neck,Clinical,0.0,[Treatment]
692876ec-7400-4120-a30a-d09b8b27a2c2,Research scientist,2022-03-22,2022-03-22,Dry,0.0,0.0,Central Rift,Protected Area: National Park,Lake Nakuru ,Herbivore,Buffalo,<10,No,0.0,Unknown,Unknown,Yes,No,No,No,No,No,No,No,No,No,No,0.0,0.0,Unknown,Unknown,Unknown,0.0,Unknown
32a2945c-d9bb-4b33-aa9e-11ea09be9559,Veterinarian,2022-05-16,2022-05-16,Rainy,0.0,0.0,Central Rift,Non-Protected Area: Ranch,Manera Farm,Herbivore,Equidae (Zebra),<10,Yes,1.0,Human inflicted,Snares,No,No,No,No,No,No,No,No,No,No,No,0.0,0.0,Other,Wire Snare,Clinical,0.0,[Treatment]
0db953cf-4237-47f8-b22f-d6b452ac9668,Veterinarian,2022-03-09,2022-03-08,Dry,0.0,0.0,Eastern,Non-Protected Area: Community land,Lower Imenti Forest,Herbivore,Elephants,<10,No,0.0,Unknown,Unknown,Yes,Yes,No,No,No,No,No,No,No,No,No,0.0,1.0,Other,Unknown,Post Mortem,0.0,[No Action]
5455cb0f-a408-4551-a1d0-0db9133d08ac,Veterinarian,2022-03-16,2022-03-16,Dry,0.223811,38.1288826,Eastern,Protected Area: National Park,Meru National Park,Herbivore,Giraffe,11-50,Yes,1.0,Species territorial fights,Unknown,No,No,No,No,No,Yes,No,No,No,No,No,0.0,0.0,Other,Traumatic Injuries,Clinical,0.0,[Treatment]
22517540-d287-4bec-8d64-f8435f5e76b3,Veterinarian,2022-03-20,2022-03-19,Dry,0.45323,39.6461,Northern,Non-Protected Area: Community land,Garissa Town,Herbivore,Giraffe,<10,Yes,1.0,Human inflicted,Snares,No,No,No,No,No,Yes,No,No,No,No,No,0.0,0.0,Other,Traumatic Injury,Clinical,0.0,[Treatment]
96b282a1-b2dc-47ff-82d8-63d17f2d0fe8,Veterinarian,2022-05-26,2022-05-26,Dry,0.08963,38.19003,Eastern,Protected Area: National Park,Meru National Park,Carnivore,Lions,<10,Yes,1.0,Species territorial fights,Unknown,No,No,No,No,No,No,No,No,No,No,No,1.0,0.0,Other,Septic Wounds,Clinical,0.0,[Treatment]
c75df7ef-6f6e-4a19-a541-533f2ef225f6,Veterinarian,2022-05-08,2022-05-08,Dry,0.30644,37.66414,Eastern,Non-Protected Area: Community land,Kandebene Area,Herbivore,Elephants,<10,Yes,1.0,Human inflicted,Gunshot wounds,No,No,No,No,No,No,No,No,No,No,No,0.0,0.0,Other,Bullet Wounds,Clinical,0.0,[Treatment]
b998a80e-7e08-454d-bd52-643d33111144,Research scientist,2022-03-17,2022-03-21,Dry,0.0,0.0,Central Rift,Protected Area: National Park,Lake Nakuru,Herbivore,Buffalo,<10,No,0.0,Unknown,Unknown,Yes,No,No,No,No,No,No,No,No,No,No,0.0,0.0,Unknown,Unknown,Unknown,0.0,Unknown
8ec7b8af-bbbc-4fb3-90b0-7372c55fbb40,Research scientist,2022-03-20,2022-03-21,Dry,-0.3079185,36.0541711,Central Rift,Protected Area: National Park,Lake Nakuru ,Herbivore,Buffalo,<10,No,0.0,Unknown,Unknown,Yes,No,No,No,No,No,No,No,No,No,No,0.0,0.0,Unknown,Unknown,Unknown,0.0,Unknown
2aad44a8-be99-4aef-b76c-8aad40b2847a,Research scientist,2022-03-21,2022-03-21,Dry,-0.2924189,36.119505,Central Rift,Protected Area: National Park,Lake Nakuru ,Herbivore,Buffalo,<10,No,0.0,Unknown,Unknown,Yes,No,No,No,No,No,No,No,No,No,No,0.0,0.0,Unknown,Unknown,Unknown,0.0,Unknown
15a418b2-7036-47d2-834a-5a47e1741062,Research scientist,2022-03-21,2022-03-21,Dry,-0.3035534,36.0755805,Central Rift,Protected Area: National Park,Lake Nakuru ,Herbivore,Buffalo,<10,No,0.0,Unknown,Unknown,Yes,No,No,No,No,No,No,No,No,No,No,0.0,0.0,Unknown,Unknown,Unknown,0.0,Unknown
b27479e9-4298-453a-a8ad-5cddf6ead987,Research scientist,2022-03-21,2022-03-21,Dry,-0.3078454,36.0728622,Central Rift,Protected Area: National Park,Lake Nakuru ,Herbivore,Buffalo,<10,No,0.0,Unknown,Unknown,Yes,No,No,No,No,No,No,No,No,No,No,0.0,0.0,Unknown,Unknown,Unknown,0.0,Unknown
f0218a3a-6a41-429b-9019-ee90bf9f09ec,Research scientist,2022-03-21,2022-03-21,Dry,0.0,0.0,Central Rift,Protected Area: National Park,Lake Nakuru ,Herbivore,Buffalo,<10,No,0.0,Unknown,Unknown,Yes,No,No,No,No,No,No,No,No,No,No,0.0,0.0,Unknown,Unknown,Unknown,0.0,Unknown
208b9c17-a323-4ca8-abff-b7a4146f56bc,Research scientist,2022-03-21,2022-03-21,Dry,0.0,0.0,Central Rift,Protected Area: National Park,Lake Nakuru ,Herbivore,Buffalo,<10,No,0.0,Unknown,Unknown,Yes,No,No,No,No,No,No,No,No,No,No,0.0,0.0,Unknown,Unknown,Unknown,0.0,Unknown
3a4802e9-8721-42c2-85fa-6e3c15bd2083,Research scientist,2022-03-21,2022-03-21,Dry,0.0,0.0,Central Rift,Protected Area: National Park,Lake Nakuru ,Herbivore,Buffalo,<10,No,0.0,Unknown,Unknown,Yes,No,No,No,No,No,No,No,No,No,No,0.0,0.0,Unknown,Unknown,Unknown,0.0,Unknown
fa439b83-4a48-47d0-97b4-6f14bb36029f,Veterinarian,2022-07-18,2022-07-18,Dry,0.0,0.0,Central Rift,Non-Protected Area: Ranch,Manera Farm,Herbivore,Equidae (Zebra),<10,Yes,1.0,Human inflicted,Snares,No,No,No,No,No,No,No,No,No,No,No,0.0,0.0,Other,Wire Snares ,Clinical,0.0,[Treatment]
daa38dda-f928-4d28-98da-bb6666e2abbe,Veterinarian,2022-07-18,2022-07-18,Dry,0.0,0.0,Central Rift,Non-Protected Area: Community land,Aquilla Farm ,Herbivore,Equidae (Zebra),<10,Yes,1.0,Human inflicted,Snares,No,No,No,No,No,No,No,No,No,No,No,0.0,0.0,Other,Snares ,Clinical,0.0,[Treatment]
545f2f2f-1907-4cd8-bd7b-4bcc1bd30db7,Veterinarian,2022-07-27,2022-07-27,Dry,0.0,0.0,Central Rift,Non-Protected Area: Conservancies,Lentolia ,Herbivore,Buffalo,11-50,Yes,1.0,Human inflicted,Snares,No,No,No,No,No,No,No,No,No,No,No,0.0,0.0,Other,Snare ,Clinical,0.0,[Treatment]
c9f6b864-3065-460f-b0f9-2b64ce7e3dc0,Veterinarian,2022-08-04,2022-08-04,Dry,0.0,0.0,Central Rift,Non-Protected Area: Conservancies,Crater Lake Conservancy ,Herbivore,Giraffe,<10,Yes,1.0,Human inflicted,Snares,No,No,No,No,No,No,No,No,No,No,No,0.0,0.0,Other,Snare ,Clinical,0.0,[Treatment]
a51e58e5-dd98-43f2-8f0e-c781674016e9,Veterinarian,2022-08-30,2022-08-30,Rainy,0.0,0.0,Central Rift,Non-Protected Area: Conservancies,Kiborgoch Community Conservancy ,Avian,Terrestrial Birds,<10,Yes,1.0,Human inflicted,Arrow wounds,No,No,No,No,No,No,No,No,No,No,No,0.0,0.0,Other,Wounded By Arrow Stick,Clinical,0.0,[Treatment]
5e3bf42a-36a3-48a8-b112-6a552add70c6,Veterinarian,2022-08-19,2022-08-19,Dry,0.0,0.0,Central Rift,Non-Protected Area: Ranch,Kedong Ranch ,Herbivore,Equidae (Zebra),11-50,Yes,1.0,Human inflicted,Snares,No,No,No,No,No,No,No,No,No,No,No,0.0,0.0,Other,Snare ,Clinical,0.0,[Treatment]
89155254-1a30-4c77-aedd-6bd41736c022,Veterinarian,2022-08-31,2022-08-31,Dry,0.0,0.0,Central Rift,Non-Protected Area: Community land,Aquilla Area ,Herbivore,Equidae (Zebra),<10,Yes,1.0,Human inflicted,Snares,No,No,No,No,No,No,No,No,No,No,No,0.0,0.0,Other,Snare,Clinical,0.0,[Treatment]
8739d3c7-38b3-4909-b520-aae8f4ea9d99,Veterinarian,2022-09-20,2022-09-20,Dry,0.0,0.0,Central Rift,Non-Protected Area: Ranch,Crater Lake Conservancy ,Herbivore,Giraffe,<10,Yes,1.0,Human inflicted,Snares,No,No,No,No,No,No,No,No,No,No,No,0.0,0.0,Other,Snare,Clinical,0.0,[Treatment]
2ab6e909-8372-4cec-aea4-ece321b6139f,Veterinarian,2022-09-16,2022-09-16,Dry,0.0,0.0,Central Rift,Non-Protected Area: Ranch,Kedong Ranch ,Herbivore,Equidae (Zebra),<10,Yes,1.0,Human inflicted,Snares,No,No,No,No,No,No,No,No,No,No,No,0.0,0.0,Other,Snares,Clinical,0.0,[Treatment]
8fcf239e-8594-49b0-b9ab-dfdf263cb39b,Veterinarian,2022-09-10,2022-09-10,Dry,0.0,0.0,Central Rift,Non-Protected Area: Community land,Aquilla Farm ,Herbivore,Equidae (Zebra),<10,Yes,1.0,Human inflicted,Snares,No,No,No,No,No,No,No,No,No,No,No,0.0,0.0,Other,Snares ,Clinical,0.0,[Treatment]
fffdedb9-40f1-4f3e-aa6e-3eaa2302666c,Veterinarian,2022-09-10,2022-09-10,Dry,0.0,0.0,Central Rift,Non-Protected Area: Community land,Kongoni Police,Herbivore,Suidae (Warthogs),<10,Yes,1.0,Human inflicted,Snares,No,No,No,No,No,No,No,No,No,No,No,0.0,0.0,Other,Snare ,Clinical,0.0,[Treatment]
914269ea-95fb-4434-b922-1c7bdea41c3c,Veterinarian,2022-09-10,2022-09-10,Dry,0.0,0.0,Central Rift,Non-Protected Area: Ranch,Kedong Ranch ,Herbivore,Equidae (Zebra),<10,Yes,1.0,Human inflicted,Snares,No,No,No,No,No,No,No,No,No,No,No,0.0,0.0,Other,Wire Snare ,Clinical,0.0,[Treatment]
a9fd5f63-cdb3-40a6-bda9-a97ed49daf71,Veterinarian,2022-08-26,2022-08-26,Dry,0.0,0.0,Central Rift,Non-Protected Area: Conservancies,Oserengoni Conservancy ,Herbivore,Equidae (Zebra),11-50,Yes,1.0,Human inflicted,Snares,No,No,No,No,No,No,No,No,No,No,No,0.0,0.0,Other,Snare,Clinical,0.0,[Treatment]
49546994-fc20-4e73-8659-eaa255ebf2ea,Veterinarian,2022-08-17,2022-08-17,Dry,0.0,0.0,Central Rift,Non-Protected Area: Ranch,Kedong ,Herbivore,Giraffe,<10,Yes,1.0,Human inflicted,Snares,No,No,No,No,No,No,No,No,No,No,No,0.0,0.0,Other,Snares ,Clinical,0.0,[Treatment]
8d741732-1b20-4b03-83ab-a1d2d200d445,Veterinarian,2022-08-23,2022-08-23,Dry,0.0,0.0,Central Rift,Non-Protected Area: Conservancies,Soysambu Conservancy ,Herbivore,Equidae (Zebra),11-50,Yes,1.0,Human inflicted,Snares,No,No,No,No,No,No,No,No,No,No,No,0.0,0.0,Other,Snare ,Clinical,0.0,[Treatment]
32d911fc-27ae-4793-80a6-2b183e9928db,Veterinarian,2022-08-18,2022-08-18,Dry,0.0,0.0,Central Rift,Non-Protected Area: Ranch,Kedong Ranch ,Herbivore,Waterbucks,<10,Yes,1.0,Human inflicted,Snares,No,No,No,No,No,No,No,No,No,No,No,0.0,0.0,Other,Snare ,Clinical,0.0,[Treatment]
a01d9aed-bed5-44c1-8298-de44b849e3aa,Veterinarian,2022-08-19,2022-08-19,Dry,0.0,0.0,Central Rift,Non-Protected Area: Ranch,Kedong Ranch ,Herbivore,Equidae (Zebra),11-50,Yes,1.0,Human inflicted,Snares,No,No,No,No,No,No,No,No,No,No,No,0.0,0.0,Other,Snare ,Clinical,0.0,[Treatment]
141f828c-5595-415a-94c7-e03c67a93fc8,Veterinarian,2022-08-23,2022-08-23,Dry,0.0,0.0,Central Rift,Protected Area: National Park,Hells Gate NP,Herbivore,Equidae (Zebra),<10,Yes,1.0,Human inflicted,Snares,No,No,No,No,No,No,No,No,No,No,No,0.0,0.0,Other,Snare ,Clinical,0.0,[Treatment]
4a06d9b9-0a63-46a1-bd5b-c84dd7b743d1,Veterinarian,2022-09-10,2022-09-10,Dry,0.0,0.0,Central Rift,Non-Protected Area: Ranch,Kedong Ranch ,Herbivore,Equidae (Zebra),<10,Yes,1.0,Human inflicted,Snares,No,No,No,No,No,No,No,No,No,No,No,0.0,0.0,Other,Snare ,Clinical,0.0,[Treatment]
0e13db56-21f1-4c7e-a4ad-b46699314646,Veterinarian,2022-09-10,2022-09-10,Dry,0.0,0.0,Central Rift,Non-Protected Area: Community land,Aquilla Farm ,Herbivore,Equidae (Zebra),<10,Yes,1.0,Human inflicted,Snares,No,No,No,No,No,No,No,No,No,No,No,0.0,0.0,Other,Snares ,Clinical,0.0,[Treatment]
b08cb787-3fcc-4323-811b-e5d71d470809,Veterinarian,2022-09-13,2022-09-13,Dry,0.0,0.0,Central Rift,Non-Protected Area: Conservancies,Mundui ,Herbivore,Giraffe,<10,Yes,1.0,Human inflicted,Snares,No,No,No,No,No,No,No,No,No,No,No,0.0,0.0,Other,Snare ,Clinical,0.0,[Treatment]
e56c5503-1bef-4012-9c42-4de942db3d20,Veterinarian,2022-09-19,2022-09-19,Dry,0.0,0.0,Central Rift,Non-Protected Area: Ranch,Kedong Ranch ,Herbivore,Equidae (Zebra),<10,Yes,1.0,Human inflicted,Snares,No,No,No,No,No,No,No,No,No,No,No,0.0,0.0,Other,Snares ,Clinical,0.0,[Treatment]
8c6a4a20-d2cb-4eb8-aaf1-822fae96eb91,Veterinarian,2022-09-23,2022-09-23,Dry,0.0,0.0,Central Rift,Other,Simba Lodge Naivasha ,Herbivore,Equidae (Zebra),<10,Yes,1.0,Human inflicted,Snares,No,No,No,No,No,No,No,No,No,No,No,0.0,0.0,Other,Snare ,Clinical,0.0,[Treatment]
9eb90c81-b35e-497f-871d-d06a5d9ee6ed,Veterinarian,2022-09-23,2022-09-23,Dry,0.0,0.0,Central Rift,Protected Area: National Park,Mt Longonot NP,Herbivore,Buffalo,<10,Yes,1.0,Human inflicted,Snares,No,No,No,No,No,No,No,No,No,No,No,0.0,0.0,Other,Winch Snare,Clinical,0.0,[Treatment]
855b5f22-ce4d-448c-b7d3-4cd351c3a936,Veterinarian,2022-09-23,2022-09-23,Dry,0.0,0.0,Central Rift,Non-Protected Area: Ranch,Loldia Farm,Herbivore,Impalla,<10,Yes,1.0,Human inflicted,Snares,No,No,No,No,No,No,No,No,No,No,No,0.0,0.0,Other,Snare ,Clinical,0.0,[Treatment]
b0e35d55-a2ab-4621-8df1-20ce41ab7876,Veterinarian,2022-11-02,2022-11-07,Dry,36.757,0.66188,Mountain,Non-Protected Area: Conservancies,Loisaba Conservancy ,Herbivore,Elephants,11-50,Yes,1.0,Human inflicted,Gunshot wounds,No,No,No,No,No,No,No,No,No,No,No,1.0,0.0,Other,Trauma,Clinical,0.0,[No Action]
ebc1fc0f-8c94-49d6-bdcb-e1a45cfe30ef,Veterinarian,2022-11-11,2022-11-11,Dry,0.5909983,37.5942983,Mountain,Protected Area: National Reserve,SNR,Herbivore,Elephants,<10,No,0.0,Unknown,Unknown,Yes,No,No,No,No,No,No,No,No,No,No,0.0,2.0,Other,Starvation - Drought ,Post Mortem,0.0,[No Action]
72da51d7-1252-4a96-b8fd-91742e5dd868,Veterinarian,2022-11-09,2022-11-09,Dry,0.3443507,36.91422,Mountain,Non-Protected Area: Conservancies,Mpala,Herbivore,Other,<10,No,0.0,Unknown,Unknown,Yes,No,No,No,No,No,No,No,No,No,No,0.0,1.0,Other,Unknown ,Post Mortem,0.0,[Other]
d5f0c30f-c439-4151-a2c7-bedb2af8c9bd,Veterinarian,2022-12-21,2022-12-21,Rainy,0.0,0.0,Central Rift,Non-Protected Area: Ranch,Olerai ,Herbivore,Equidae (Zebra),11-50,Yes,1.0,Human inflicted,Snares,No,No,No,No,No,No,No,No,No,No,No,0.0,0.0,Other,Snare,Clinical,0.0,[Treatment]
80a26723-252b-4c93-899f-374750b43b4f,Veterinarian,2022-12-18,2022-12-20,Dry,-1.3346974,36.7794087,Northern,Non-Protected Area: Ranch,Tumeren ,Herbivore,Giraffe,<10,Yes,1.0,Predator,Unknown,Yes,Yes,No,No,No,Yes,Yes,No,No,No,No,1.0,1.0,Other,Predatory Severe Wounds,Clinical,0.0,"[Treatment, Rescue]"
eedb3ab2-d730-42b7-99f6-43af59dfdb88,Veterinarian,2022-12-27,2022-12-27,Rainy,0.0,0.0,Central Rift,Non-Protected Area: Ranch,Kenya Nut Olumorogi ,Herbivore,Equidae (Zebra),11-50,Yes,1.0,Human inflicted,Snares,No,No,No,No,No,No,No,No,No,No,No,0.0,0.0,Other,Nylon Rope Snare ,Clinical,0.0,[Treatment]
030bbd92-8825-4d2e-856f-38748944adb8,Veterinarian,2023-01-17,2023-01-17,Dry,0.0,0.0,Central Rift,Non-Protected Area: Ranch,Kedong Ranch ,Herbivore,Equidae (Zebra),11-50,Yes,1.0,Human inflicted,Snares,No,No,No,No,No,No,No,No,No,No,No,0.0,0.0,Other,Wire Snare ,Clinical,0.0,[Treatment]
f9b7d9f1-5fca-4809-a905-a7fb697f2594,Veterinarian,2023-02-02,2023-02-02,Dry,0.0,0.0,Central Rift,Non-Protected Area: Ranch,Sanctuary Farm,Herbivore,Equidae (Zebra),<10,Yes,1.0,Human inflicted,Spears,No,No,No,No,No,No,No,No,No,No,No,0.0,0.0,Other,Sharp Object Cut the Rump,Clinical,0.0,[Treatment]
d75cf36d-f29e-4224-83c6-57978bdae09c,Veterinarian,2023-02-28,2023-02-28,Dry,0.0,0.0,Central Rift,Non-Protected Area: Ranch,Marula Estate ,Herbivore,Equidae (Zebra),<10,Yes,1.0,Human inflicted,Snares,No,No,No,No,No,No,No,No,No,No,No,0.0,0.0,Other,Wire Snares ,Clinical,0.0,[Treatment]
300d92cd-47aa-4787-83fb-27dca7772b5a,Veterinarian,2023-03-15,2023-03-15,Dry,0.0,0.0,Central Rift,Non-Protected Area: Ranch,Kedong Ranch ,Herbivore,Buffalo,<10,Yes,1.0,Human inflicted,Snares,No,No,No,No,No,No,No,No,No,No,No,0.0,0.0,Other,Winch Wire Snare On The Right Hind Leg,Clinical,0.0,[Treatment]
56ff1dc8-a558-4f92-9790-fadeb7c69316,Veterinarian,2023-03-18,2023-03-18,Dry,0.0,0.0,Central Rift,Non-Protected Area: Ranch,Kedong Ranch,Herbivore,Equidae (Zebra),<10,Yes,1.0,Human inflicted,Snares,No,No,No,No,No,No,No,No,No,No,No,0.0,0.0,Other,Snare ,Clinical,0.0,[Treatment]
2406dcab-b3ab-4859-a914-fc21367a80a2,Veterinarian,2023-03-18,2023-03-18,Dry,0.0,0.0,Central Rift,Non-Protected Area: Ranch,Kedong Ranch ,Herbivore,Equidae (Zebra),<10,Yes,1.0,Human inflicted,Snares,No,No,No,No,No,No,No,No,No,No,No,0.0,0.0,Other,Snare ,Clinical,0.0,[Treatment]
1191e004-6753-4881-b22c-cd43f9dba09d,Veterinarian,2023-03-23,2023-03-23,Rainy,0.0,0.0,Central Rift,Non-Protected Area: Community land,Bushey Island ,Herbivore,Equidae (Zebra),<10,Yes,1.0,Human inflicted,Snares,No,No,No,No,No,No,No,No,No,No,No,0.0,0.0,Other,Snares ,Clinical,0.0,[Treatment]
c0bde4cd-52e5-4bee-89f6-97c8e1fb050b,Veterinarian,2023-03-26,2023-03-26,Rainy,0.0,0.0,Central Rift,Non-Protected Area: Conservancies,Wileli Conservancy ,Herbivore,Equidae (Zebra),<10,Yes,1.0,Human inflicted,Snares,No,No,No,No,No,No,No,No,No,No,No,0.0,0.0,Other,Snares ,Clinical,0.0,[Treatment]
f8a62339-9f88-4ab2-80a1-97270be7187d,Veterinarian,2023-03-27,2023-03-27,Rainy,0.0,0.0,Central Rift,Non-Protected Area: Conservancies,Loldia Conservancy ,Herbivore,Equidae (Zebra),11-50,Yes,1.0,Human inflicted,Snares,No,No,No,No,No,No,No,No,No,No,No,0.0,0.0,Other,Snare ,Clinical,0.0,[Treatment]
6f51634d-5e02-41e0-b6f0-5c8e4554f337,Ranger,2023-12-03,2023-12-05,Rainy,-0.7416091,36.4501666,Northern,Non-Protected Area: Conservancies,Naisunyai,Herbivore,Elephants,11-50,Yes,1.0,Unknown,Unknown,No,No,No,No,No,No,No,No,No,No,No,0.0,0.0,Unknown,Unknown,Unknown,0.0,Unknown
e50f2198-bb25-4abd-ad89-9d54e6a8b822,Veterinarian,2023-04-13,2023-04-13,Rainy,0.0,0.0,Central Rift,Non-Protected Area: Conservancies,Sanctuary Farm ,Herbivore,Equidae (Zebra),<10,Yes,1.0,Human inflicted,Snares,No,No,No,No,No,No,No,No,No,No,No,1.0,1.0,Other,Snares ,Clinical,1.0,[Treatment]
53c17d9e-0e40-4963-8ce9-a4346aa08fc1,Veterinarian,2023-04-13,2023-04-13,Rainy,0.0,0.0,Central Rift,Non-Protected Area: Ranch,Kenya Nut - Olumorogi ,Herbivore,Equidae (Zebra),11-50,Yes,1.0,Human inflicted,Snares,No,No,No,No,No,No,No,No,No,No,No,0.0,0.0,Other,Snare ,Clinical,0.0,[Treatment]
e719c7e6-f075-4518-a631-f11234bd2a4a,Veterinarian,2023-04-18,2023-04-18,Rainy,0.0,0.0,Central Rift,Non-Protected Area: Ranch,Marula Estate ,Herbivore,Equidae (Zebra),11-50,Yes,1.0,Human inflicted,Snares,No,No,No,No,No,No,No,No,No,No,No,0.0,0.0,Other,Snares ,Clinical,0.0,[Treatment]
54cee969-438b-4623-8459-5df66653fee8,Veterinarian,2023-04-19,2023-04-19,Rainy,0.0,0.0,Central Rift,Non-Protected Area: Conservancies,Loldia Conservancy ,Herbivore,Giraffe,<10,Yes,1.0,Human inflicted,Snares,No,No,No,No,No,No,No,No,No,No,No,0.0,0.0,Other,Snare ,Clinical,0.0,[Treatment]
9575675e-a295-4c0e-bc82-e8529eae21dd,Veterinarian,2023-04-27,2023-04-27,Dry,0.0,0.0,Central Rift,Non-Protected Area: Ranch,Kenya Nut _ Olumorogi ,Herbivore,Buffalo,<10,Yes,1.0,Human inflicted,Snares,No,No,No,No,No,No,No,No,No,No,No,0.0,0.0,Other,Snare,Clinical,0.0,[Treatment]
675bd4f0-8925-4749-9014-1abd954f367e,Veterinarian,2023-04-27,2023-04-27,Rainy,0.0,0.0,Central Rift,Non-Protected Area: Ranch,Kenya Nut _ Olumorogi ,Herbivore,Equidae (Zebra),<10,Yes,1.0,Human inflicted,Snares,No,No,No,No,No,No,No,No,No,No,No,0.0,0.0,Other,Snare,Clinical,0.0,[Treatment]
c72882fe-2c9e-4bc3-998c-1f56e27352b8,Veterinarian,2023-04-17,2023-04-17,Rainy,0.0,0.0,Central Rift,Non-Protected Area: Community land,Mirera ,Herbivore,Equidae (Zebra),<10,Yes,1.0,Human inflicted,Snares,No,No,No,No,No,No,No,No,No,No,No,0.0,0.0,Other,Snare ,Clinical,0.0,[Treatment]
d6bc85c3-79c5-4234-8820-9cb8770b6ba5,Veterinarian,2023-04-24,2023-04-24,Rainy,0.0,0.0,Central Rift,Non-Protected Area: Ranch,KALRO Olomagogo ,Herbivore,Equidae (Zebra),11-50,Yes,1.0,Human inflicted,Snares,No,No,No,No,No,No,No,No,No,No,No,0.0,0.0,Other,Snare ,Clinical,0.0,[Treatment]
8171ed31-271c-4b24-9e89-530ee4ae8f4c,Veterinarian,2023-04-30,2023-04-30,Rainy,0.0,0.0,Central Rift,Non-Protected Area: Community land,Kamathatha ,Herbivore,Equidae (Zebra),<10,Yes,1.0,Human inflicted,Snares,No,No,No,No,No,No,No,No,No,No,No,0.0,0.0,Other,Snare ,Clinical,0.0,[Treatment]
91e844ee-6c20-4e03-a630-f8f6693fee0a,Veterinarian,2023-05-02,2023-05-02,Dry,0.0,0.0,Central Rift,Non-Protected Area: Community land,Kamathatha ,Herbivore,Equidae (Zebra),<10,Yes,1.0,Human inflicted,Snares,No,No,No,No,No,No,No,No,No,No,No,0.0,0.0,Other,Snare ,Clinical,0.0,[Treatment]
64f4b149-f7e1-4cc7-b458-0a9f76bc4c83,Veterinarian,2023-05-15,2023-05-15,Rainy,0.0,0.0,Central Rift,Non-Protected Area: Ranch,Marula Estate ,Herbivore,Equidae (Zebra),<10,Yes,1.0,Human inflicted,Snares,No,No,No,No,No,No,No,No,No,No,No,0.0,0.0,Other,Snare,Clinical,0.0,[Treatment]
38f9f846-a472-4a81-8fbd-0e392a15e7b6,Veterinarian,2023-05-18,2023-05-18,Rainy,0.0,0.0,Central Rift,Non-Protected Area: Ranch,Soysambu Conservancy ,Herbivore,Equidae (Zebra),<10,Yes,1.0,Human inflicted,Snares,No,No,No,No,No,No,No,No,No,No,No,0.0,0.0,Other,Snare,Clinical,0.0,[Treatment]
adf8e522-2e3d-4824-a23d-ca6da1538ae8,Veterinarian,2023-06-09,2023-06-09,Rainy,0.0,0.0,Central Rift,Non-Protected Area: Ranch,Soysambu Conservancy ,Herbivore,Equidae (Zebra),<10,Yes,1.0,Human inflicted,Snares,No,No,No,No,No,No,No,No,No,No,No,0.0,0.0,Other,Snare,Clinical,0.0,[Treatment]
c3ed21a5-4023-4d2e-bc21-c09c1e844b7f,Veterinarian,2023-07-13,2023-07-13,Rainy,0.0,0.0,Central Rift,Non-Protected Area: Conservancies,Loldia ,Herbivore,Equidae (Zebra),<10,Yes,1.0,Human inflicted,Snares,No,No,No,No,No,No,No,No,No,No,No,0.0,0.0,Other,Snares ,Clinical,0.0,[Treatment]
b60ce68a-2889-4633-8904-840803226661,Veterinarian,2023-07-18,2023-07-18,Rainy,0.0,0.0,Central Rift,Non-Protected Area: Ranch,Sergoit Farm,Herbivore,Giraffe,11-50,Yes,1.0,Human inflicted,Snares,No,No,No,No,No,No,No,No,No,No,No,0.0,0.0,Other,Snare,Clinical,0.0,[Treatment]
a9b6a796-98ad-470c-b6a4-c71a26865ead,Veterinarian,2023-07-26,2023-07-26,Rainy,0.0,0.0,Central Rift,Non-Protected Area: Ranch,Lentolia ,Herbivore,Buffalo,11-50,Yes,1.0,Human inflicted,Snares,No,No,No,No,No,No,No,No,No,No,No,0.0,0.0,Other,Snare,Clinical,0.0,[Treatment]
5fcb1d0f-da39-4bfa-aa14-3d1eb27a3e4d,Veterinarian,2023-08-07,2023-08-07,Rainy,0.0,0.0,Central Rift,Non-Protected Area: Ranch,Morendat Farm,Herbivore,Giraffe,<10,Yes,1.0,Human inflicted,Snares,No,No,No,No,No,No,No,No,No,No,No,0.0,0.0,Other,Wire Snare ,Clinical,0.0,[Treatment]
8403cae7-0d04-4c5f-9d2c-00a5718847b6,Veterinarian,2023-08-07,2023-08-07,Rainy,0.0,0.0,Central Rift,Non-Protected Area: Ranch,Olumorogi Kenya Nut,Herbivore,Equidae (Zebra),11-50,Yes,1.0,Human inflicted,Snares,No,No,No,No,No,No,No,No,No,No,No,0.0,0.0,Other,Snare & Fractured Right Front Leg,Clinical,0.0,"[Treatment, Other]"
af6768df-6a5b-407e-9642-ab74e176082f,Veterinarian,2023-08-12,2023-08-12,Rainy,0.0,0.0,Central Rift,Protected Area: National Park,Lake Nakuru NP,Carnivore,Lions,<10,Yes,1.0,Predator,Unknown,No,No,No,No,No,No,No,No,No,No,No,0.0,0.0,Other,Traumatic Injury ,Clinical,0.0,[Treatment]
9c678295-ee33-40c8-966f-aa8671523bc8,Veterinarian,2023-08-11,2023-08-11,Rainy,0.0,0.0,Central Rift,Non-Protected Area: Ranch,NINI Farm ,Herbivore,Equidae (Zebra),<10,Yes,1.0,Human inflicted,Snares,No,No,No,No,No,No,No,No,No,No,No,0.0,0.0,Other,Wire Snare ,Clinical,0.0,[Treatment]
3fb5fadd-d625-49ff-993b-c35e9cd5212f,Veterinarian,2023-08-14,2023-08-14,Rainy,0.0,0.0,Central Rift,Non-Protected Area: Conservancies,Kongoni Game Valley ,Herbivore,Buffalo,<10,Yes,1.0,Species territorial fights,Unknown,No,No,No,No,No,No,No,No,No,No,No,0.0,0.0,Other,Wounded by Others ,Clinical,0.0,[Treatment]
f70dc601-ed9f-4086-b571-6e89eb0c3336,Veterinarian,2023-08-22,2023-08-22,Rainy,0.0,0.0,Central Rift,Non-Protected Area: Community land,Green Park Estate ,Herbivore,Equidae (Zebra),<10,Yes,1.0,Predator,Unknown,No,No,No,No,No,No,No,No,No,No,No,0.0,0.0,Other,Myasis Caused by Heavy Tick Infestation ,Clinical,0.0,[Treatment]
959fad06-b8b1-4a60-95dc-a6121b64229a,Veterinarian,2023-08-22,2023-08-22,Rainy,0.0,0.0,Central Rift,Non-Protected Area: Conservancies,Kigio Group Ranch ,Herbivore,Buffalo,<10,Yes,1.0,Human inflicted,Snares,No,No,No,No,No,No,No,No,No,No,No,0.0,0.0,Other,Nylon Rope Snare ,Clinical,0.0,[Treatment]
f5356855-0148-4a2a-b664-6a76caac43b3,Veterinarian,2023-09-12,2023-09-12,Rainy,0.0,0.0,Central Rift,Non-Protected Area: Conservancies,Hippo Point ,Herbivore,Giraffe,<10,Yes,1.0,Human inflicted,Snares,No,No,No,No,No,No,No,No,No,No,No,0.0,0.0,Other,Snares ,Clinical,0.0,[Treatment]
eea8a540-2271-4a01-b840-1babb871ccd7,Veterinarian,2023-10-25,2023-10-25,Dry,0.0,0.0,Central Rift,Protected Area: National Park,Hells Gate NP,Herbivore,Equidae (Zebra),<10,Yes,1.0,Human inflicted,Snares,No,No,No,No,No,No,No,No,No,No,No,0.0,0.0,Other,Snare,Clinical,0.0,[Treatment]
30c9515c-bbb8-451d-b6b6-b8f1fb3c3ea5,Veterinarian,2023-10-29,2023-10-29,Dry,0.0,0.0,Central Rift,Non-Protected Area: Ranch,River MALEWA - BORDER OF MARULA & MORENDAT SOUTH FARM ,Herbivore,Buffalo,<10,Yes,1.0,Human inflicted,Snares,No,No,No,No,No,No,No,No,No,No,No,0.0,0.0,Other,Snare,Clinical,0.0,[Treatment]
65e6accd-e69d-4b17-aea5-be9487c6d260,Veterinarian,2023-11-01,2023-11-01,Rainy,0.0,0.0,Central Rift,Non-Protected Area: Ranch,Marula Estate ,Herbivore,Eland,<10,Yes,1.0,Human inflicted,Snares,No,No,No,No,No,No,No,No,No,No,No,1.0,1.0,Other,Snare Which Was Fatal,Clinical,0.0,[Other]
70539c07-07cc-41bb-bd58-c8254dbed38a,Veterinarian,2023-12-04,2023-12-05,Rainy,-0.7416091,36.4501666,Northern,Non-Protected Area: Conservancies,Westgate,Carnivore,Cheetahs,<10,No,0.0,Unknown,Unknown,No,Yes,No,No,No,No,No,No,No,No,No,3.0,0.0,Mange,Unknown,Clinical,0.0,[Treatment]
96ec4f03-c3b2-4d9b-9a6a-c71f5908a0e1,Veterinarian,2023-03-18,2023-03-18,Dry,0.2693115,38.122793,Eastern,Protected Area: National Park,Meru National Park,Herbivore,Giraffe,<10,Yes,1.0,Human inflicted,Snares,No,No,No,No,No,No,No,No,No,No,No,1.0,0.0,Other,Wire Snare Injuries,Clinical,0.0,[Treatment]
548ae358-ad09-4da7-943d-e73cff91523b,Veterinarian,2025-09-23,2025-09-30,Dry,0.0,0.0,Central Rift,Non-Protected Area: Community land,Naivasha,Herbivore,Equidae (Zebra),11-50,Yes,2.0,Human inflicted,Snares,No,Yes,No,No,No,No,No,No,No,No,No,2.0,0.0,Other,Injury,Clinical,0.0,[Treatment]
